Scale,Average
1000,0.569575052446474
2500,0.570094111197661
5000,0.568890372786824
10000,0.574871331348983
25000,0.572795735904005
50000,0.572383015931028