Scale,	Left of,			Overlaps,			Join card,	Join
1000,	1.61891112088486,	0.569575052446474,	$1\times2$,	1.20421319691709
2500,	1.68608580970076,	0.570094111197661,	$2\times3$,	1.20271247952567
5000,	1.6166994929109	,	0.568890372786824,	$3\times4$,	1.20037688768751
10000,	1.66994392471274,	0.574871331348983,	$3\times2$,	1.20271247952567
25000,	1.65345308181882,	0.572795735904005,	$1\times3$,	1.20226218697545
50000,	1.69159994176318,	0.572383015931028,	$1\times4$,	1.20191853559721
