Scale,Average
1000,1.61891112088486
2500,1.68608580970076
5000,1.6166994929109
10000,1.66994392471274
25000,1.65345308181882
50000,1.69159994176318
