Scale, Average
2500000,1.20421319691709
12500000,1.20271247952567
50000000,1.20037688768751
12500000,1.20271247952567
5000000,1.20226218697545
10000000,1.20191853559721
