Scale,Average
1000,0.973514581835287
2500,1.02871639333193
5000,1.06464531786633
10000,1.10139845786296
25000,1.18517846031354
50000,1.17586921205231








