Scale,Left of, Overlaps, Join Card, Join
1000,1.06482827107853,1.22904511619814, $1\times2$,0.973514581835287
2500,1.06633791167742,0.950461485048558,$2\times3$,1.02871639333193
5000,1.07873766009441,0.883987046125883,$3\times4$,1.06464531786633
10000,1.07310581627292,0.950461485048558,$3\times2$,1.10139845786296
25000,1.07567697629287,1.13497501536518,$1\times3$,1.18517846031354
50000,1.0814310535107,1.14246889782324,$1\times4$,1.17586921205231