Scale,Average
1000,1.06482827107853
2500,1.06633791167742
5000,1.07873766009441
10000,1.07310581627292
25000,1.07567697629287
50000,1.0814310535107