Scale,Average
2500000,1.22904511619814
12500000,0.950461485048558
50000000,0.883987046125883
12500000,0.950461485048558
5000000,1.13497501536518
10000000,1.14246889782324









